1,1,Erhard,Drake,e.@company.none,27,08.06.20 17:45,08.06.20 17:45
2,2,Kirsten,Schlingmann,k-68@web.none,28,08.06.20 17:45,08.06.20 17:45
3,3,Ingelotte,Nitzsche,ingelotte_nitzsche@private.none,29,08.06.20 17:45,08.06.20 17:45
4,4,Helmtrud,Rimbach,helmtrud.rimbach@internet.none,30,08.06.20 17:45,08.06.20 17:45
5,5,Fränzi,Dieterich,fraenzi-dieterich@email.none,31,08.06.20 17:45,08.06.20 17:45
6,6,Raimer,Cox,raimer_cox@xyz.none,32,08.06.20 17:45,08.06.20 17:45
7,7,Aslind,Pasch,aslind_pasch@net.none,33,08.06.20 17:45,08.06.20 17:45
8,1,Mathilde,Westenberger,mathilde-westenberger@domain.none,34,08.06.20 17:45,08.06.20 17:45
9,2,Hanswalter,Voß,hanswalter_@internet.none,35,08.06.20 17:45,08.06.20 17:45
10,3,Hanswolf,Utecht,hanswolf_@mail.none,36,08.06.20 17:45,08.06.20 17:45
11,4,Bennet,Bauernfeind,b-bauernfeind@xyz.none,37,08.06.20 17:45,08.06.20 17:45
12,5,Gabriel,Gies,gabrielgies@internet.none,38,08.06.20 17:45,08.06.20 17:45
13,6,Guntmar,Nobis,guntmar@net.none,39,08.06.20 17:45,08.06.20 17:45
14,7,Amely,Wolber,a_wolber@domain.none,40,08.06.20 17:45,08.06.20 17:45
15,1,Gerdhilde,Ringler,gerdhilde-@company.none,41,08.06.20 17:45,08.06.20 17:45
16,2,Luzia,Kaltenbach,lkaltenbach@email.none,42,08.06.20 17:45,08.06.20 17:45
17,3,Jolante,Zacher,jolantezacher@net.none,43,08.06.20 17:45,08.06.20 17:45
18,4,Meta,Schrader,metaschrader@email.none,44,08.06.20 17:45,08.06.20 17:45
19,5,Arnfred,Schirrmacher,a.schirrmacher@private.none,45,08.06.20 17:45,08.06.20 17:45
20,6,Arne,Sack,a_sack@xyz.none,46,08.06.20 17:45,08.06.20 17:45
21,7,Timm,Neis,t-neis@internet.none,47,08.06.20 17:45,08.06.20 17:45
22,1,Cordian,Bonk,cordianbonk@web.none,48,08.06.20 17:45,08.06.20 17:45
23,2,Gottfrieda,Brücker,gottfrieda-@email.none,49,08.06.20 17:45,08.06.20 17:45
24,3,Volkhardt,Blunk,volkhardt-blunk@email.none,50,08.06.20 17:45,08.06.20 17:45
25,4,Traugott,Grimminger,traugott.grimminger@private.none,51,08.06.20 17:45,08.06.20 17:45
26,5,Dietram,Morbach,dmorbach@internet.none,52,08.06.20 17:45,08.06.20 17:45
27,6,Delia,Mohr,delia_mohr@spam.none,53,08.06.20 17:45,08.06.20 17:45
28,7,Agilbert,Mittag,agilbertmittag@domain.none,54,08.06.20 17:45,08.06.20 17:45
29,1,Erik,Ilg,erik-ilg@mail.none,55,08.06.20 17:45,08.06.20 17:45
30,2,Wenzel,Stelter,wenzel_stelter@private.none,56,08.06.20 17:45,08.06.20 17:45
31,3,Veit,Jurisch,veit_jurisch@net.none,57,08.06.20 17:45,08.06.20 17:45
32,4,Kuno,Hommel,k_hommel@domain.none,58,08.06.20 17:45,08.06.20 17:45
33,5,Jana,Luig,j1918@domain.none,59,08.06.20 17:45,08.06.20 17:45
34,6,Linn,Kolberg,linn_kolberg@net.none,60,08.06.20 17:45,08.06.20 17:45
35,7,Anette,Fick,anette_fick@mail.none,61,08.06.20 17:45,08.06.20 17:45
36,1,Wilmut,Henzel,wilmut_henzel@company.none,62,08.06.20 17:45,08.06.20 17:45
37,2,Leonie,Senger,leoniesenger@web.none,63,08.06.20 17:45,08.06.20 17:45
38,3,Friedolf,Roppelt,friedolf-@domain.none,64,08.06.20 17:45,08.06.20 17:45
39,4,Brunhilde,Held,b@web.none,65,08.06.20 17:45,08.06.20 17:45
40,5,Reny,Gerlach,renygerlach@email.none,66,08.06.20 17:45,08.06.20 17:45
41,6,Rauthgundis,Alder,r.@mail.none,67,08.06.20 17:45,08.06.20 17:45
42,7,Irmengard,Kober,irmengard@xyz.none,68,08.06.20 17:45,08.06.20 17:45
43,1,Sylvia,Haas,sylvia_haas@mail.none,69,08.06.20 17:45,08.06.20 17:45
44,2,Bertwald,Fugmann,bertwald.fugmann@domain.none,70,08.06.20 17:45,08.06.20 17:45
45,3,Reinholdt,Kinne,r.kinne@internet.none,71,08.06.20 17:45,08.06.20 17:45
46,4,Käthi,Janning,kaethijanning@spam.none,72,08.06.20 17:45,08.06.20 17:45
47,5,Gerold,Ellermann,gerold.ellermann@web.none,73,08.06.20 17:45,08.06.20 17:45
48,6,Eitelbert,Dersch,eitelbert.42@web.none,74,08.06.20 17:45,08.06.20 17:45
49,7,Holdina,Geske,holdina_82@internet.none,75,08.06.20 17:45,08.06.20 17:45
50,1,Jons,Heßler,jons_hessler@private.none,76,08.06.20 17:45,08.06.20 17:45
51,2,Uve,Schwinghammer,uve@email.none,77,08.06.20 17:45,08.06.20 17:45
52,3,Jannis,Orth,jannis@email.none,78,08.06.20 17:45,08.06.20 17:45
53,4,Walther,Rose,walther_rose@company.none,79,08.06.20 17:45,08.06.20 17:45
54,5,Bernhilde,Kley,bernhilde.kley@web.none,80,08.06.20 17:45,08.06.20 17:45
55,6,Karsta,Tietje,karsta-@xyz.none,81,08.06.20 17:45,08.06.20 17:45
56,7,Heinzpeter,Schepers,heinzpeter_@internet.none,82,08.06.20 17:45,08.06.20 17:45
57,1,Gottwaldt,Luhmann,gottwaldt.@company.none,83,08.06.20 17:45,08.06.20 17:45
58,2,Emelie,Lippmann,emelie.@host.none,84,08.06.20 17:45,08.06.20 17:45
59,3,Ringo,Buder,ringo_buder@net.none,85,08.06.20 17:45,08.06.20 17:45
60,4,Olivia,Stiller,olivia-stiller@mail.none,86,08.06.20 17:45,08.06.20 17:45
61,5,Holger,Quaas,holgerquaas@company.none,87,08.06.20 17:45,08.06.20 17:45
62,6,Titus,Raiba,titus-@internet.none,88,08.06.20 17:45,08.06.20 17:45
63,7,Clarissa,Röhrl,croehrl@domain.none,89,08.06.20 17:45,08.06.20 17:45
64,1,Detrich,Hegmann,detrich@company.none,90,08.06.20 17:45,08.06.20 17:45
65,2,Gila,Hille,gila-@mail.none,91,08.06.20 17:45,08.06.20 17:45
66,3,Ernstfried,Leuthold,ernstfriedleuthold@web.none,92,08.06.20 17:45,08.06.20 17:45
67,4,Elgard,Reiners,elgard_reiners@domain.none,93,08.06.20 17:45,08.06.20 17:45
68,5,Eckhard,Haberstroh,eckhardhaberstroh@private.none,94,08.06.20 17:45,08.06.20 17:45
69,6,Carl,Winkels,carlwinkels@net.none,95,08.06.20 17:45,08.06.20 17:45
70,7,Gerhardt,Stegen,gerhardt.stegen@web.none,96,08.06.20 17:45,08.06.20 17:45
71,1,Klemens,Dittmer,kdittmer@web.none,97,08.06.20 17:45,08.06.20 17:45
72,2,Pirmin,Imhoff,pirmin_imhoff@xyz.none,98,08.06.20 17:45,08.06.20 17:45
73,3,Erni,Pust,erni_pust@web.none,99,08.06.20 17:45,08.06.20 17:45
74,4,Trixi,Deeken,t-@company.none,100,08.06.20 17:45,08.06.20 17:45
75,5,Wittmar,Bröder,wittmar.broeder@internet.none,101,08.06.20 17:45,08.06.20 17:45
76,6,Mathias,Wenz,m.wenz@internet.none,102,08.06.20 17:45,08.06.20 17:45
77,7,Wolfbert,Hitzler,wolfbert-@company.none,103,08.06.20 17:45,08.06.20 17:45
78,1,Marko,Elstner,melstner@company.none,104,08.06.20 17:45,08.06.20 17:45
79,2,Heinz,Hildmann,heinz92@mail.none,105,08.06.20 17:45,08.06.20 17:45